{"playerData":{"playerPosition":[412.52874755859377,55.00238037109375,417.9759826660156],"playerRotation":[0.027159586548805238,-0.8587716817855835,-0.045653343200683597]}}